,id,season,city,date,team1,team2,toss_winner,toss_decision,result,dl_applied,winner,win_by_runs,win_by_wickets,player_of_match,venue,umpire1,umpire2,umpire3,match-type
0,1,2008,Bangalore,2008-04-18,Kolkata Knight Riders,Royal Challengers Bangalore,Royal Challengers Bangalore,field,normal,0,Kolkata Knight Riders,140,0,BB McCullum,M Chinnaswamy Stadium,Asad Rauf,RE Koertzen,,Pre-Qualifier
2,3,2008,Delhi,2008-04-19,Rajasthan Royals,Delhi Daredevils,Rajasthan Royals,bat,normal,0,Delhi Daredevils,0,9,MF Maharoof,Feroz Shah Kotla,Aleem Dar,GA Pratapkumar,,Pre-Qualifier
6,7,2008,Hyderabad,2008-04-22,Deccan Chargers,Delhi Daredevils,Deccan Chargers,bat,normal,0,Delhi Daredevils,0,9,V Sehwag,"Rajiv Gandhi International Stadium, Uppal",IL Howell,AM Saheba,,Pre-Qualifier
9,10,2008,Chandigarh,2008-04-25,Kings XI Punjab,Mumbai Indians,Mumbai Indians,field,normal,0,Kings XI Punjab,66,0,KC Sangakkara,"Punjab Cricket Association Stadium, Mohali",Aleem Dar,AM Saheba,,Pre-Qualifier
10,11,2008,Bangalore,2008-04-26,Royal Challengers Bangalore,Rajasthan Royals,Rajasthan Royals,field,normal,0,Rajasthan Royals,0,7,SR Watson,M Chinnaswamy Stadium,MR Benson,IL Howell,,Pre-Qualifier
11,12,2008,Chennai,2008-04-26,Kolkata Knight Riders,Chennai Super Kings,Kolkata Knight Riders,bat,normal,0,Chennai Super Kings,0,9,JDP Oram,"MA Chidambaram Stadium, Chepauk",BF Bowden,AV Jayaprakash,,Pre-Qualifier
12,13,2008,Mumbai,2008-04-27,Mumbai Indians,Deccan Chargers,Deccan Chargers,field,normal,0,Deccan Chargers,0,10,AC Gilchrist,Dr DY Patil Sports Academy,Asad Rauf,SL Shastri,,Pre-Qualifier
15,16,2008,Kolkata,2008-04-29,Kolkata Knight Riders,Mumbai Indians,Kolkata Knight Riders,bat,normal,0,Mumbai Indians,0,7,ST Jayasuriya,Eden Gardens,BF Bowden,AV Jayaprakash,,Pre-Qualifier
17,18,2008,Hyderabad,2008-05-01,Deccan Chargers,Kings XI Punjab,Kings XI Punjab,field,normal,0,Kings XI Punjab,0,7,SE Marsh,"Rajiv Gandhi International Stadium, Uppal",BR Doctrove,RB Tiffin,,Pre-Qualifier
19,20,2008,Chennai,2008-05-02,Chennai Super Kings,Delhi Daredevils,Chennai Super Kings,bat,normal,0,Delhi Daredevils,0,8,V Sehwag,"MA Chidambaram Stadium, Chepauk",BF Bowden,K Hariharan,,Pre-Qualifier
23,24,2008,Jaipur,2008-05-04,Chennai Super Kings,Rajasthan Royals,Chennai Super Kings,bat,normal,0,Rajasthan Royals,0,8,Sohail Tanvir,Sawai Mansingh Stadium,Asad Rauf,AV Jayaprakash,,Pre-Qualifier
25,26,2008,Chennai,2008-05-06,Chennai Super Kings,Deccan Chargers,Deccan Chargers,field,normal,0,Deccan Chargers,0,7,AC Gilchrist,"MA Chidambaram Stadium, Chepauk",MR Benson,RB Tiffin,,Pre-Qualifier
26,27,2008,Mumbai,2008-05-07,Rajasthan Royals,Mumbai Indians,Mumbai Indians,field,normal,0,Mumbai Indians,0,7,A Nehra,Dr DY Patil Sports Academy,DJ Harper,RE Koertzen,,Pre-Qualifier
29,30,2008,Jaipur,2008-05-09,Deccan Chargers,Rajasthan Royals,Rajasthan Royals,field,normal,0,Rajasthan Royals,0,8,YK Pathan,Sawai Mansingh Stadium,MR Benson,AM Saheba,,Pre-Qualifier
30,31,2008,Bangalore,2008-05-28,Royal Challengers Bangalore,Mumbai Indians,Mumbai Indians,field,normal,0,Mumbai Indians,0,9,CRD Fernando,M Chinnaswamy Stadium,BF Bowden,AV Jayaprakash,,Pre-Qualifier
34,35,2008,Chandigarh,2008-05-12,Royal Challengers Bangalore,Kings XI Punjab,Royal Challengers Bangalore,bat,normal,0,Kings XI Punjab,0,9,SE Marsh,"Punjab Cricket Association Stadium, Mohali",BR Doctrove,I Shivram,,Pre-Qualifier
36,37,2008,Mumbai,2008-05-14,Chennai Super Kings,Mumbai Indians,Mumbai Indians,field,normal,0,Mumbai Indians,0,9,ST Jayasuriya,Wankhede Stadium,BR Doctrove,AM Saheba,,Pre-Qualifier
39,40,2008,Mumbai,2008-05-16,Kolkata Knight Riders,Mumbai Indians,Mumbai Indians,field,normal,0,Mumbai Indians,0,8,SM Pollock,Wankhede Stadium,BR Doctrove,DJ Harper,,Pre-Qualifier
41,42,2008,Jaipur,2008-05-17,Rajasthan Royals,Royal Challengers Bangalore,Royal Challengers Bangalore,field,normal,0,Rajasthan Royals,65,0,GC Smith,Sawai Mansingh Stadium,BF Bowden,SL Shastri,,Pre-Qualifier
54,55,2008,Hyderabad,2008-05-27,Deccan Chargers,Chennai Super Kings,Deccan Chargers,bat,normal,0,Chennai Super Kings,0,7,SK Raina,"Rajiv Gandhi International Stadium, Uppal",BG Jerling,AM Saheba,,Qualifier-1
55,56,2008,Mumbai,2008-05-30,Rajasthan Royals,Delhi Daredevils,Delhi Daredevils,field,normal,0,Rajasthan Royals,105,0,SR Watson,Wankhede Stadium,BF Bowden,RE Koertzen,,Eliminator
56,57,2008,Mumbai,2008-05-31,Kings XI Punjab,Chennai Super Kings,Kings XI Punjab,bat,normal,0,Chennai Super Kings,0,9,M Ntini,Wankhede Stadium,Asad Rauf,DJ Harper,,Qualifier-2
59,60,2009,Cape Town,2009-04-18,Royal Challengers Bangalore,Rajasthan Royals,Royal Challengers Bangalore,bat,normal,0,Royal Challengers Bangalore,75,0,R Dravid,Newlands,BR Doctrove,RB Tiffin,,Pre-Qualifier
60,61,2009,Cape Town,2009-04-19,Kings XI Punjab,Delhi Daredevils,Delhi Daredevils,field,normal,1,Delhi Daredevils,0,10,DL Vettori,Newlands,MR Benson,SD Ranade,,Pre-Qualifier
61,62,2009,Cape Town,2009-04-19,Kolkata Knight Riders,Deccan Chargers,Kolkata Knight Riders,bat,normal,0,Deccan Chargers,0,8,RP Singh,Newlands,MR Benson,BR Doctrove,,Pre-Qualifier
62,63,2009,Port Elizabeth,2009-04-20,Chennai Super Kings,Royal Challengers Bangalore,Chennai Super Kings,bat,normal,0,Chennai Super Kings,92,0,M Muralitharan,St George's Park,BG Jerling,SJA Taufel,,Pre-Qualifier
67,68,2009,Durban,2009-04-24,Royal Challengers Bangalore,Kings XI Punjab,Royal Challengers Bangalore,bat,normal,0,Kings XI Punjab,0,7,RS Bopara,Kingsmead,BR Doctrove,TH Wijewardene,,Pre-Qualifier
72,73,2009,Port Elizabeth,2009-04-27,Mumbai Indians,Kolkata Knight Riders,Mumbai Indians,bat,normal,0,Mumbai Indians,92,0,SR Tendulkar,St George's Park,BG Jerling,RB Tiffin,,Pre-Qualifier
83,84,2009,Johannesburg,2009-05-03,Mumbai Indians,Royal Challengers Bangalore,Mumbai Indians,bat,normal,0,Royal Challengers Bangalore,0,9,JH Kallis,New Wanderers Stadium,RE Koertzen,TH Wijewardene,,Pre-Qualifier
84,85,2009,East London,2009-05-04,Chennai Super Kings,Deccan Chargers,Chennai Super Kings,bat,normal,0,Chennai Super Kings,78,0,MS Dhoni,Buffalo Park,BR Doctrove,M Erasmus,,Pre-Qualifier
85,86,2009,Durban,2009-05-05,Rajasthan Royals,Kings XI Punjab,Kings XI Punjab,field,normal,0,Rajasthan Royals,78,0,GC Smith,Kingsmead,SS Hazare,IL Howell,,Pre-Qualifier
86,87,2009,Durban,2009-05-05,Kolkata Knight Riders,Delhi Daredevils,Kolkata Knight Riders,bat,normal,0,Delhi Daredevils,0,9,G Gambhir,Kingsmead,GAV Baxter,IL Howell,,Pre-Qualifier
88,89,2009,Centurion,2009-05-07,Royal Challengers Bangalore,Rajasthan Royals,Rajasthan Royals,field,normal,0,Rajasthan Royals,0,7,A Singh,SuperSport Park,K Hariharan,DJ Harper,,Pre-Qualifier
90,91,2009,East London,2009-05-08,Mumbai Indians,Delhi Daredevils,Mumbai Indians,bat,normal,0,Delhi Daredevils,0,7,A Nehra,Buffalo Park,M Erasmus,SK Tarapore,,Pre-Qualifier
92,93,2009,Kimberley,2009-05-09,Rajasthan Royals,Chennai Super Kings,Rajasthan Royals,bat,normal,0,Chennai Super Kings,0,7,S Badrinath,De Beers Diamond Oval,GAV Baxter,HDPK Dharmasena,,Pre-Qualifier
94,95,2009,Johannesburg,2009-05-10,Kolkata Knight Riders,Delhi Daredevils,Delhi Daredevils,field,normal,0,Delhi Daredevils,0,7,A Mishra,New Wanderers Stadium,SL Shastri,RB Tiffin,,Pre-Qualifier
95,96,2009,Kimberley,2009-05-11,Deccan Chargers,Rajasthan Royals,Deccan Chargers,bat,normal,0,Deccan Chargers,53,0,DR Smith,De Beers Diamond Oval,GAV Baxter,HDPK Dharmasena,,Pre-Qualifier
97,98,2009,Centurion,2009-05-12,Kings XI Punjab,Mumbai Indians,Kings XI Punjab,bat,normal,0,Mumbai Indians,0,8,Harbhajan Singh,SuperSport Park,SS Hazare,RE Koertzen,,Pre-Qualifier
102,103,2009,Port Elizabeth,2009-05-16,Mumbai Indians,Chennai Super Kings,Mumbai Indians,bat,normal,0,Chennai Super Kings,0,7,ML Hayden,St George's Park,SK Tarapore,SJA Taufel,,Pre-Qualifier
106,107,2009,Centurion,2009-05-18,Chennai Super Kings,Kolkata Knight Riders,Chennai Super Kings,bat,normal,0,Kolkata Knight Riders,0,7,BJ Hodge,SuperSport Park,SJA Taufel,RB Tiffin,,Pre-Qualifier
107,108,2009,Johannesburg,2009-05-19,Delhi Daredevils,Royal Challengers Bangalore,Delhi Daredevils,bat,normal,0,Royal Challengers Bangalore,0,7,JH Kallis,New Wanderers Stadium,IL Howell,RB Tiffin,,Pre-Qualifier
118,119,2010,Kolkata,2010-03-14,Royal Challengers Bangalore,Kolkata Knight Riders,Kolkata Knight Riders,field,normal,0,Kolkata Knight Riders,0,7,MK Tiwary,Eden Gardens,HDPK Dharmasena,AM Saheba,,Pre-Qualifier
121,122,2010,Bangalore,2010-03-16,Kings XI Punjab,Royal Challengers Bangalore,Kings XI Punjab,bat,normal,0,Royal Challengers Bangalore,0,8,JH Kallis,M Chinnaswamy Stadium,S Das,DJ Harper,,Pre-Qualifier
122,123,2010,Kolkata,2010-03-16,Chennai Super Kings,Kolkata Knight Riders,Chennai Super Kings,bat,normal,0,Chennai Super Kings,55,0,MS Dhoni,Eden Gardens,HDPK Dharmasena,AM Saheba,,Pre-Qualifier
123,124,2010,Delhi,2010-03-17,Mumbai Indians,Delhi Daredevils,Delhi Daredevils,field,normal,0,Mumbai Indians,98,0,SR Tendulkar,Feroz Shah Kotla,BR Doctrove,SK Tarapore,,Pre-Qualifier
124,125,2010,Bangalore,2010-03-18,Rajasthan Royals,Royal Challengers Bangalore,Royal Challengers Bangalore,field,normal,0,Royal Challengers Bangalore,0,10,JH Kallis,M Chinnaswamy Stadium,K Hariharan,DJ Harper,,Pre-Qualifier
128,129,2010,Mumbai,2010-03-20,Mumbai Indians,Royal Challengers Bangalore,Mumbai Indians,bat,normal,0,Royal Challengers Bangalore,0,7,JH Kallis,Brabourne Stadium,HDPK Dharmasena,SS Hazare,,Pre-Qualifier
131,132,2010,Mumbai,2010-03-22,Kolkata Knight Riders,Mumbai Indians,Kolkata Knight Riders,bat,normal,0,Mumbai Indians,0,7,SR Tendulkar,Brabourne Stadium,SS Hazare,SJA Taufel,,Pre-Qualifier
135,136,2010,Ahmedabad,2010-03-26,Deccan Chargers,Rajasthan Royals,Deccan Chargers,bat,normal,0,Rajasthan Royals,0,8,YK Pathan,"Sardar Patel Stadium, Motera",HDPK Dharmasena,SJA Taufel,,Pre-Qualifier
143,144,2010,Delhi,2010-03-31,Delhi Daredevils,Rajasthan Royals,Delhi Daredevils,bat,normal,0,Delhi Daredevils,67,0,KD Karthik,Feroz Shah Kotla,HDPK Dharmasena,SJA Taufel,,Pre-Qualifier
147,148,2010,Mumbai,2010-04-03,Mumbai Indians,Deccan Chargers,Mumbai Indians,bat,normal,0,Mumbai Indians,63,0,AT Rayudu,Brabourne Stadium,BR Doctrove,S Ravi,,Pre-Qualifier
148,149,2010,Kolkata,2010-04-04,Kolkata Knight Riders,Kings XI Punjab,Kolkata Knight Riders,bat,normal,0,Kings XI Punjab,0,8,DPMD Jayawardene,Eden Gardens,S Asnani,DJ Harper,,Pre-Qualifier
152,153,2010,Jaipur,2010-04-07,Kings XI Punjab,Rajasthan Royals,Kings XI Punjab,bat,normal,0,Rajasthan Royals,0,9,MJ Lumb,Sawai Mansingh Stadium,S Ravi,SK Tarapore,,Pre-Qualifier
154,155,2010,Bangalore,2010-04-08,Royal Challengers Bangalore,Deccan Chargers,Deccan Chargers,field,normal,0,Deccan Chargers,0,7,TL Suman,M Chinnaswamy Stadium,S Asnani,DJ Harper,,Pre-Qualifier
157,158,2010,Bangalore,2010-04-10,Kolkata Knight Riders,Royal Challengers Bangalore,Royal Challengers Bangalore,field,normal,0,Royal Challengers Bangalore,0,7,R Vinay Kumar,M Chinnaswamy Stadium,K Hariharan,DJ Harper,,Pre-Qualifier
158,159,2010,Delhi,2010-04-11,Delhi Daredevils,Kings XI Punjab,Delhi Daredevils,bat,normal,0,Kings XI Punjab,0,7,PP Chawla,Feroz Shah Kotla,BF Bowden,AM Saheba,,Pre-Qualifier
162,163,2010,Chennai,2010-04-13,Kolkata Knight Riders,Chennai Super Kings,Kolkata Knight Riders,bat,normal,0,Chennai Super Kings,0,9,R Ashwin,"MA Chidambaram Stadium, Chepauk",SS Hazare,SJA Taufel,,Pre-Qualifier
166,167,2010,Bangalore,2010-04-17,Mumbai Indians,Royal Challengers Bangalore,Royal Challengers Bangalore,field,normal,0,Mumbai Indians,57,0,R McLaren,M Chinnaswamy Stadium,HDPK Dharmasena,SJA Taufel,,Pre-Qualifier
167,168,2010,Kolkata,2010-04-17,Rajasthan Royals,Kolkata Knight Riders,Rajasthan Royals,bat,normal,0,Kolkata Knight Riders,0,8,JD Unadkat,Eden Gardens,BG Jerling,RB Tiffin,,Pre-Qualifier
170,171,2010,Kolkata,2010-04-19,Mumbai Indians,Kolkata Knight Riders,Mumbai Indians,bat,normal,0,Kolkata Knight Riders,0,9,M Kartik,Eden Gardens,BG Jerling,RE Koertzen,,Pre-Qualifier
173,174,2010,Mumbai,2010-04-24,Deccan Chargers,Royal Challengers Bangalore,Deccan Chargers,bat,normal,0,Royal Challengers Bangalore,0,9,A Kumble,Dr DY Patil Sports Academy,RE Koertzen,SJA Taufel,,Qualifier-2
176,177,2011,Hyderabad,2011-04-09,Deccan Chargers,Rajasthan Royals,Rajasthan Royals,field,normal,0,Rajasthan Royals,0,8,SK Trivedi,"Rajiv Gandhi International Stadium, Uppal",RE Koertzen,SK Tarapore,,Pre-Qualifier
178,179,2011,Delhi,2011-04-10,Delhi Daredevils,Mumbai Indians,Delhi Daredevils,bat,normal,0,Mumbai Indians,0,8,SL Malinga,Feroz Shah Kotla,AM Saheba,RB Tiffin,,Pre-Qualifier
179,180,2011,Mumbai,2011-04-10,Kings XI Punjab,Pune Warriors,Kings XI Punjab,bat,normal,0,Pune Warriors,0,7,SB Wagh,Dr DY Patil Sports Academy,BR Doctrove,PR Reiffel,,Pre-Qualifier
182,183,2011,Bangalore,2011-04-12,Royal Challengers Bangalore,Mumbai Indians,Mumbai Indians,field,normal,0,Mumbai Indians,0,9,SR Tendulkar,M Chinnaswamy Stadium,HDPK Dharmasena,AL Hill,,Pre-Qualifier
186,187,2011,Jaipur,2011-04-15,Rajasthan Royals,Kolkata Knight Riders,Kolkata Knight Riders,field,normal,0,Kolkata Knight Riders,0,9,G Gambhir,Sawai Mansingh Stadium,Aleem Dar,SS Hazare,,Pre-Qualifier
187,188,2011,Mumbai,2011-04-15,Mumbai Indians,Kochi Tuskers Kerala,Kochi Tuskers Kerala,field,normal,0,Kochi Tuskers Kerala,0,8,BB McCullum,Wankhede Stadium,BR Doctrove,PR Reiffel,,Pre-Qualifier
189,190,2011,Hyderabad,2011-04-16,Deccan Chargers,Kings XI Punjab,Kings XI Punjab,field,normal,0,Kings XI Punjab,0,8,PC Valthaty,"Rajiv Gandhi International Stadium, Uppal",RE Koertzen,S Ravi,,Pre-Qualifier
191,192,2011,Kolkata,2011-04-17,Rajasthan Royals,Kolkata Knight Riders,Kolkata Knight Riders,field,normal,0,Kolkata Knight Riders,0,8,L Balaji,Eden Gardens,Aleem Dar,RB Tiffin,,Pre-Qualifier
192,193,2011,Kochi,2011-04-18,Chennai Super Kings,Kochi Tuskers Kerala,Kochi Tuskers Kerala,field,normal,1,Kochi Tuskers Kerala,0,7,BB McCullum,Nehru Stadium,K Hariharan,AL Hill,,Pre-Qualifier
194,195,2011,Mumbai,2011-04-20,Pune Warriors,Mumbai Indians,Pune Warriors,bat,normal,0,Mumbai Indians,0,7,MM Patel,Wankhede Stadium,Asad Rauf,AM Saheba,,Pre-Qualifier
198,199,2011,Kolkata,2011-04-22,Kolkata Knight Riders,Royal Challengers Bangalore,Royal Challengers Bangalore,field,normal,0,Royal Challengers Bangalore,0,9,CH Gayle,Eden Gardens,SS Hazare,RB Tiffin,,Pre-Qualifier
201,202,2011,Jaipur,2011-04-24,Kochi Tuskers Kerala,Rajasthan Royals,Rajasthan Royals,field,normal,0,Rajasthan Royals,0,8,SK Warne,Sawai Mansingh Stadium,BR Doctrove,SK Tarapore,,Pre-Qualifier
204,205,2011,Mumbai,2011-04-27,Pune Warriors,Chennai Super Kings,Pune Warriors,bat,normal,0,Chennai Super Kings,0,8,DE Bollinger,Dr DY Patil Sports Academy,Asad Rauf,SL Shastri,,Pre-Qualifier
205,206,2011,Kochi,2011-04-27,Deccan Chargers,Kochi Tuskers Kerala,Kochi Tuskers Kerala,field,normal,0,Deccan Chargers,55,0,I Sharma,Nehru Stadium,HDPK Dharmasena,AL Hill,,Pre-Qualifier
207,208,2011,Jaipur,2011-04-29,Mumbai Indians,Rajasthan Royals,Rajasthan Royals,field,normal,0,Rajasthan Royals,0,7,J Botha,Sawai Mansingh Stadium,Asad Rauf,SK Tarapore,,Pre-Qualifier
210,211,2011,Kolkata,2011-04-30,Kings XI Punjab,Kolkata Knight Riders,Kolkata Knight Riders,field,normal,0,Kolkata Knight Riders,0,8,Iqbal Abdulla,Eden Gardens,AM Saheba,SL Shastri,,Pre-Qualifier
214,215,2011,Delhi,2011-05-02,Delhi Daredevils,Kochi Tuskers Kerala,Kochi Tuskers Kerala,field,normal,0,Kochi Tuskers Kerala,0,7,P Parameswaran,Feroz Shah Kotla,Asad Rauf,SL Shastri,,Pre-Qualifier
216,217,2011,Chennai,2011-05-04,Rajasthan Royals,Chennai Super Kings,Rajasthan Royals,bat,normal,0,Chennai Super Kings,0,8,MEK Hussey,"MA Chidambaram Stadium, Chepauk",SS Hazare,RB Tiffin,,Pre-Qualifier
220,221,2011,Bangalore,2011-05-06,Royal Challengers Bangalore,Kings XI Punjab,Kings XI Punjab,field,normal,0,Royal Challengers Bangalore,85,0,CH Gayle,M Chinnaswamy Stadium,Aleem Dar,RB Tiffin,,Pre-Qualifier
223,224,2011,Bangalore,2011-05-08,Kochi Tuskers Kerala,Royal Challengers Bangalore,Kochi Tuskers Kerala,bat,normal,0,Royal Challengers Bangalore,0,9,CH Gayle,M Chinnaswamy Stadium,Aleem Dar,SS Hazare,,Pre-Qualifier
225,226,2011,Jaipur,2011-05-09,Chennai Super Kings,Rajasthan Royals,Rajasthan Royals,field,normal,0,Chennai Super Kings,63,0,M Vijay,Sawai Mansingh Stadium,K Hariharan,SJA Taufel,,Pre-Qualifier
227,228,2011,Chandigarh,2011-05-10,Kings XI Punjab,Mumbai Indians,Mumbai Indians,field,normal,0,Kings XI Punjab,76,0,BA Bhatt,"Punjab Cricket Association Stadium, Mohali",SK Tarapore,RJ Tucker,,Pre-Qualifier
228,229,2011,Jaipur,2011-05-11,Rajasthan Royals,Royal Challengers Bangalore,Royal Challengers Bangalore,field,normal,0,Royal Challengers Bangalore,0,9,S Aravind,Sawai Mansingh Stadium,HDPK Dharmasena,K Hariharan,,Pre-Qualifier
234,235,2011,Indore,2011-05-15,Rajasthan Royals,Kochi Tuskers Kerala,Kochi Tuskers Kerala,field,normal,0,Kochi Tuskers Kerala,0,8,BJ Hodge,Holkar Cricket Stadium,PR Reiffel,RJ Tucker,,Pre-Qualifier
236,237,2011,Dharamsala,2011-05-17,Kings XI Punjab,Royal Challengers Bangalore,Kings XI Punjab,bat,normal,0,Kings XI Punjab,111,0,AC Gilchrist,Himachal Pradesh Cricket Association Stadium,Asad Rauf,AM Saheba,,Pre-Qualifier
238,239,2011,Mumbai,2011-05-19,Pune Warriors,Kolkata Knight Riders,Kolkata Knight Riders,field,normal,0,Kolkata Knight Riders,0,7,YK Pathan,Dr DY Patil Sports Academy,S Ravi,SJA Taufel,,Pre-Qualifier
239,240,2011,Mumbai,2011-05-20,Mumbai Indians,Rajasthan Royals,Mumbai Indians,bat,normal,0,Rajasthan Royals,0,10,SR Watson,Wankhede Stadium,RE Koertzen,PR Reiffel,,Pre-Qualifier
240,241,2011,Dharamsala,2011-05-21,Deccan Chargers,Kings XI Punjab,Kings XI Punjab,field,normal,0,Deccan Chargers,82,0,S Dhawan,Himachal Pradesh Cricket Association Stadium,Asad Rauf,AM Saheba,,Pre-Qualifier
242,243,2011,Bangalore,2011-05-22,Chennai Super Kings,Royal Challengers Bangalore,Royal Challengers Bangalore,field,normal,0,Royal Challengers Bangalore,0,8,CH Gayle,M Chinnaswamy Stadium,K Hariharan,RE Koertzen,,Pre-Qualifier
247,248,2011,Chennai,2011-05-28,Chennai Super Kings,Royal Challengers Bangalore,Chennai Super Kings,bat,normal,0,Chennai Super Kings,58,0,M Vijay,"MA Chidambaram Stadium, Chepauk",Asad Rauf,SJA Taufel,,Final
248,249,2012,Chennai,2012-04-04,Chennai Super Kings,Mumbai Indians,Mumbai Indians,field,normal,0,Mumbai Indians,0,8,RE Levi,"MA Chidambaram Stadium, Chepauk",JD Cloete,SJA Taufel,,Pre-Qualifier
249,250,2012,Kolkata,2012-04-05,Kolkata Knight Riders,Delhi Daredevils,Delhi Daredevils,field,normal,0,Delhi Daredevils,0,8,IK Pathan,Eden Gardens,S Asnani,HDPK Dharmasena,,Pre-Qualifier
253,254,2012,Visakhapatnam,2012-04-07,Chennai Super Kings,Deccan Chargers,Deccan Chargers,field,normal,0,Chennai Super Kings,74,0,RA Jadeja,Dr. Y.S. Rajasekhara Reddy ACA-VDCA Cricket Stadium,JD Cloete,HDPK Dharmasena,,Pre-Qualifier
258,259,2012,Delhi,2012-04-10,Chennai Super Kings,Delhi Daredevils,Delhi Daredevils,field,normal,0,Delhi Daredevils,0,8,M Morkel,Feroz Shah Kotla,Asad Rauf,SK Tarapore,,Pre-Qualifier
261,262,2012,Chandigarh,2012-04-12,Pune Warriors,Kings XI Punjab,Kings XI Punjab,field,normal,0,Kings XI Punjab,0,7,AD Mascarenhas,"Punjab Cricket Association Stadium, Mohali",VA Kulkarni,SK Tarapore,,Pre-Qualifier
264,265,2012,Pune,2012-04-14,Chennai Super Kings,Pune Warriors,Chennai Super Kings,bat,normal,0,Pune Warriors,0,7,JD Ryder,Subrata Roy Sahara Stadium,Aleem Dar,BNJ Oxenford,,Pre-Qualifier
266,267,2012,Bangalore,2012-04-15,Rajasthan Royals,Royal Challengers Bangalore,Rajasthan Royals,bat,normal,0,Rajasthan Royals,59,0,AM Rahane,M Chinnaswamy Stadium,JD Cloete,RJ Tucker,,Pre-Qualifier
267,268,2012,Mumbai,2012-04-16,Mumbai Indians,Delhi Daredevils,Delhi Daredevils,field,normal,0,Delhi Daredevils,0,7,S Nadeem,Wankhede Stadium,BF Bowden,SK Tarapore,,Pre-Qualifier
270,271,2012,Chandigarh,2012-04-18,Kings XI Punjab,Kolkata Knight Riders,Kings XI Punjab,bat,normal,0,Kolkata Knight Riders,0,8,G Gambhir,"Punjab Cricket Association Stadium, Mohali",JD Cloete,RJ Tucker,,Pre-Qualifier
271,272,2012,Hyderabad,2012-05-10,Deccan Chargers,Delhi Daredevils,Deccan Chargers,bat,normal,0,Delhi Daredevils,0,9,DA Warner,"Rajiv Gandhi International Stadium, Uppal",JD Cloete,SJA Taufel,,Pre-Qualifier
274,275,2012,Chennai,2012-04-21,Rajasthan Royals,Chennai Super Kings,Rajasthan Royals,bat,normal,0,Chennai Super Kings,0,7,F du Plessis,"MA Chidambaram Stadium, Chepauk",Aleem Dar,BNJ Oxenford,,Pre-Qualifier
279,280,2012,Pune,2012-04-24,Pune Warriors,Delhi Daredevils,Pune Warriors,bat,normal,0,Delhi Daredevils,0,8,V Sehwag,Subrata Roy Sahara Stadium,S Ravi,RJ Tucker,,Pre-Qualifier
298,299,2012,Pune,2012-05-08,Pune Warriors,Rajasthan Royals,Pune Warriors,bat,normal,0,Rajasthan Royals,0,7,SR Watson,Subrata Roy Sahara Stadium,Asad Rauf,BR Doctrove,,Pre-Qualifier
300,301,2012,Mumbai,2012-05-09,Mumbai Indians,Royal Challengers Bangalore,Royal Challengers Bangalore,field,normal,0,Royal Challengers Bangalore,0,9,CH Gayle,Wankhede Stadium,BF Bowden,VA Kulkarni,,Pre-Qualifier
304,305,2012,Chennai,2012-05-12,Delhi Daredevils,Chennai Super Kings,Chennai Super Kings,field,normal,0,Chennai Super Kings,0,9,BW Hilfenhaus,"MA Chidambaram Stadium, Chepauk",S Das,BR Doctrove,,Pre-Qualifier
317,318,2012,Jaipur,2012-05-20,Rajasthan Royals,Mumbai Indians,Rajasthan Royals,bat,normal,0,Mumbai Indians,0,10,DR Smith,Sawai Mansingh Stadium,HDPK Dharmasena,C Shamshuddin,,Pre-Qualifier
320,321,2012,Chennai,2012-05-25,Chennai Super Kings,Delhi Daredevils,Delhi Daredevils,field,normal,0,Chennai Super Kings,86,0,M Vijay,"MA Chidambaram Stadium, Chepauk",BR Doctrove,SJA Taufel,,Qualifier-2
327,328,2013,Pune,2013-04-07,Pune Warriors,Kings XI Punjab,Pune Warriors,bat,normal,0,Kings XI Punjab,0,8,M Vohra,Subrata Roy Sahara Stadium,S Asnani,SJA Taufel,,Pre-Qualifier
331,332,2013,Chandigarh,2013-04-10,Kings XI Punjab,Chennai Super Kings,Chennai Super Kings,field,normal,0,Chennai Super Kings,0,10,MEK Hussey,"Punjab Cricket Association Stadium, Mohali",Aleem Dar,C Shamshuddin,,Pre-Qualifier
332,333,2013,Bangalore,2013-04-11,Kolkata Knight Riders,Royal Challengers Bangalore,Royal Challengers Bangalore,field,normal,0,Royal Challengers Bangalore,0,8,CH Gayle,M Chinnaswamy Stadium,Asad Rauf,AK Chowdhary,,Pre-Qualifier
333,334,2013,Pune,2013-04-11,Rajasthan Royals,Pune Warriors,Rajasthan Royals,bat,normal,0,Pune Warriors,0,7,AJ Finch,Subrata Roy Sahara Stadium,M Erasmus,K Srinath,,Pre-Qualifier
343,344,2013,Jaipur,2013-04-17,Rajasthan Royals,Mumbai Indians,Rajasthan Royals,bat,normal,0,Rajasthan Royals,87,0,AM Rahane,Sawai Mansingh Stadium,Aleem Dar,C Shamshuddin,,Pre-Qualifier
344,345,2013,Delhi,2013-04-18,Chennai Super Kings,Delhi Daredevils,Chennai Super Kings,bat,normal,0,Chennai Super Kings,86,0,MEK Hussey,Feroz Shah Kotla,M Erasmus,VA Kulkarni,,Pre-Qualifier
347,348,2013,Bangalore,2013-04-20,Rajasthan Royals,Royal Challengers Bangalore,Royal Challengers Bangalore,field,normal,0,Royal Challengers Bangalore,0,7,R Vinay Kumar,M Chinnaswamy Stadium,Aleem Dar,C Shamshuddin,,Pre-Qualifier
348,349,2013,Delhi,2013-04-21,Mumbai Indians,Delhi Daredevils,Mumbai Indians,bat,normal,0,Delhi Daredevils,0,9,V Sehwag,Feroz Shah Kotla,HDPK Dharmasena,S Ravi,,Pre-Qualifier
349,350,2013,Chandigarh,2013-04-21,Pune Warriors,Kings XI Punjab,Kings XI Punjab,field,normal,0,Kings XI Punjab,0,7,DA Miller,"Punjab Cricket Association Stadium, Mohali",M Erasmus,K Srinath,,Pre-Qualifier
351,352,2013,Bangalore,2013-04-23,Royal Challengers Bangalore,Pune Warriors,Pune Warriors,field,normal,0,Royal Challengers Bangalore,130,0,CH Gayle,M Chinnaswamy Stadium,Aleem Dar,C Shamshuddin,,Pre-Qualifier
356,357,2013,Jaipur,2013-04-27,Sunrisers Hyderabad,Rajasthan Royals,Sunrisers Hyderabad,bat,normal,0,Rajasthan Royals,0,8,JP Faulkner,Sawai Mansingh Stadium,VA Kulkarni,K Srinath,,Pre-Qualifier
357,358,2013,Mumbai,2013-04-27,Mumbai Indians,Royal Challengers Bangalore,Mumbai Indians,bat,normal,0,Mumbai Indians,58,0,DR Smith,Wankhede Stadium,Asad Rauf,S Asnani,,Pre-Qualifier
363,364,2013,Hyderabad,2013-05-01,Mumbai Indians,Sunrisers Hyderabad,Mumbai Indians,bat,normal,0,Sunrisers Hyderabad,0,7,I Sharma,"Rajiv Gandhi International Stadium, Uppal",Asad Rauf,S Asnani,,Pre-Qualifier
364,365,2013,Raipur,2013-05-01,Kolkata Knight Riders,Delhi Daredevils,Kolkata Knight Riders,bat,normal,0,Delhi Daredevils,0,7,DA Warner,Shaheed Veer Narayan Singh International Stadium,HDPK Dharmasena,CK Nandan,,Pre-Qualifier
367,368,2013,Kolkata,2013-05-03,Rajasthan Royals,Kolkata Knight Riders,Rajasthan Royals,bat,normal,0,Kolkata Knight Riders,0,8,YK Pathan,Eden Gardens,HDPK Dharmasena,CK Nandan,,Pre-Qualifier
369,370,2013,Bangalore,2013-05-14,Royal Challengers Bangalore,Kings XI Punjab,Kings XI Punjab,field,normal,0,Kings XI Punjab,0,7,AC Gilchrist,M Chinnaswamy Stadium,HDPK Dharmasena,S Ravi,,Pre-Qualifier
370,371,2013,Mumbai,2013-05-05,Mumbai Indians,Chennai Super Kings,Mumbai Indians,bat,normal,0,Mumbai Indians,60,0,MG Johnson,Wankhede Stadium,HDPK Dharmasena,CK Nandan,,Pre-Qualifier
372,373,2013,Bangalore,2013-04-09,Sunrisers Hyderabad,Royal Challengers Bangalore,Sunrisers Hyderabad,bat,normal,0,Royal Challengers Bangalore,0,7,V Kohli,M Chinnaswamy Stadium,S Ravi,SJA Taufel,,Pre-Qualifier
373,374,2013,Jaipur,2013-05-07,Delhi Daredevils,Rajasthan Royals,Delhi Daredevils,bat,normal,0,Rajasthan Royals,0,9,AM Rahane,Sawai Mansingh Stadium,Aleem Dar,RJ Tucker,,Pre-Qualifier
374,375,2013,Mumbai,2013-05-07,Mumbai Indians,Kolkata Knight Riders,Mumbai Indians,bat,normal,0,Mumbai Indians,65,0,SR Tendulkar,Wankhede Stadium,HDPK Dharmasena,S Ravi,,Pre-Qualifier
375,376,2013,Hyderabad,2013-05-08,Chennai Super Kings,Sunrisers Hyderabad,Sunrisers Hyderabad,field,normal,0,Chennai Super Kings,77,0,SK Raina,"Rajiv Gandhi International Stadium, Uppal",S Das,NJ Llong,,Pre-Qualifier
376,377,2013,Chandigarh,2013-05-09,Kings XI Punjab,Rajasthan Royals,Rajasthan Royals,field,normal,0,Rajasthan Royals,0,8,KK Cooper,"Punjab Cricket Association Stadium, Mohali",HDPK Dharmasena,S Ravi,,Pre-Qualifier
384,385,2013,Mumbai,2013-05-13,Sunrisers Hyderabad,Mumbai Indians,Sunrisers Hyderabad,bat,normal,0,Mumbai Indians,0,7,KA Pollard,Wankhede Stadium,AK Chaudhary,SJA Taufel,,Pre-Qualifier
390,391,2013,Dharamsala,2013-05-18,Kings XI Punjab,Mumbai Indians,Mumbai Indians,field,normal,0,Kings XI Punjab,50,0,Azhar Mahmood,Himachal Pradesh Cricket Association Stadium,HDPK Dharmasena,CK Nandan,,Pre-Qualifier
399,400,2014,Sharjah,2014-04-17,Delhi Daredevils,Royal Challengers Bangalore,Royal Challengers Bangalore,field,normal,0,Royal Challengers Bangalore,0,8,YS Chahal,Sharjah Cricket Stadium,Aleem Dar,S Ravi,,Pre-Qualifier
402,403,2014,,2014-04-19,Mumbai Indians,Royal Challengers Bangalore,Royal Challengers Bangalore,field,normal,0,Royal Challengers Bangalore,0,7,PA Patel,Dubai International Cricket Stadium,Aleem Dar,AK Chaudhary,,Pre-Qualifier
404,405,2014,Sharjah,2014-04-20,Rajasthan Royals,Kings XI Punjab,Kings XI Punjab,field,normal,0,Kings XI Punjab,0,7,GJ Maxwell,Sharjah Cricket Stadium,BF Bowden,M Erasmus,,Pre-Qualifier
405,406,2014,Abu Dhabi,2014-04-21,Chennai Super Kings,Delhi Daredevils,Chennai Super Kings,bat,normal,0,Chennai Super Kings,93,0,SK Raina,Sheikh Zayed Stadium,RK Illingworth,C Shamshuddin,,Pre-Qualifier
406,407,2014,Sharjah,2014-04-22,Kings XI Punjab,Sunrisers Hyderabad,Sunrisers Hyderabad,field,normal,0,Kings XI Punjab,72,0,GJ Maxwell,Sharjah Cricket Stadium,M Erasmus,S Ravi,,Pre-Qualifier
410,411,2014,,2014-04-25,Mumbai Indians,Chennai Super Kings,Mumbai Indians,bat,normal,0,Chennai Super Kings,0,7,MM Sharma,Dubai International Cricket Stadium,BF Bowden,M Erasmus,,Pre-Qualifier
420,421,2014,Delhi,2014-05-03,Delhi Daredevils,Rajasthan Royals,Rajasthan Royals,field,normal,0,Rajasthan Royals,0,7,KK Nair,Feroz Shah Kotla,SS Hazare,S Ravi,,Pre-Qualifier
423,424,2014,Delhi,2014-05-05,Delhi Daredevils,Chennai Super Kings,Chennai Super Kings,field,normal,0,Chennai Super Kings,0,8,DR Smith,Feroz Shah Kotla,RM Deshpande,BNJ Oxenford,,Pre-Qualifier
425,426,2014,Delhi,2014-05-07,Delhi Daredevils,Kolkata Knight Riders,Delhi Daredevils,bat,normal,0,Kolkata Knight Riders,0,8,G Gambhir,Feroz Shah Kotla,BNJ Oxenford,C Shamshuddin,,Pre-Qualifier
429,430,2014,Delhi,2014-05-10,Delhi Daredevils,Sunrisers Hyderabad,Sunrisers Hyderabad,field,normal,1,Sunrisers Hyderabad,0,8,DW Steyn,Feroz Shah Kotla,RM Deshpande,BNJ Oxenford,,Pre-Qualifier
431,432,2014,Cuttack,2014-05-11,Kings XI Punjab,Kolkata Knight Riders,Kolkata Knight Riders,field,normal,0,Kolkata Knight Riders,0,9,G Gambhir,Barabati Stadium,NJ Llong,CK Nandan,,Pre-Qualifier
433,434,2014,Hyderabad,2014-05-12,Sunrisers Hyderabad,Mumbai Indians,Sunrisers Hyderabad,bat,normal,0,Mumbai Indians,0,7,AT Rayudu,"Rajiv Gandhi International Stadium, Uppal",HDPK Dharmasena,VA Kulkarni,,Pre-Qualifier
438,439,2014,Ahmedabad,2014-05-15,Rajasthan Royals,Delhi Daredevils,Delhi Daredevils,field,normal,0,Rajasthan Royals,62,0,AM Rahane,"Sardar Patel Stadium, Motera",S Ravi,RJ Tucker,,Pre-Qualifier
440,441,2014,Hyderabad,2014-05-18,Sunrisers Hyderabad,Kolkata Knight Riders,Sunrisers Hyderabad,bat,normal,0,Kolkata Knight Riders,0,7,UT Yadav,"Rajiv Gandhi International Stadium, Uppal",NJ Llong,CK Nandan,,Pre-Qualifier
443,444,2014,Hyderabad,2014-05-20,Royal Challengers Bangalore,Sunrisers Hyderabad,Royal Challengers Bangalore,bat,normal,0,Sunrisers Hyderabad,0,7,DA Warner,"Rajiv Gandhi International Stadium, Uppal",AK Chaudhary,NJ Llong,,Pre-Qualifier
444,445,2014,Kolkata,2014-05-20,Chennai Super Kings,Kolkata Knight Riders,Kolkata Knight Riders,field,normal,0,Kolkata Knight Riders,0,8,RV Uthappa,Eden Gardens,RM Deshpande,C Shamshuddin,,Pre-Qualifier
445,446,2014,Chandigarh,2014-05-21,Kings XI Punjab,Mumbai Indians,Mumbai Indians,field,normal,0,Mumbai Indians,0,7,LMP Simmons,"Punjab Cricket Association Stadium, Mohali",HDPK Dharmasena,VA Kulkarni,,Pre-Qualifier
450,451,2014,Bangalore,2014-05-24,Royal Challengers Bangalore,Chennai Super Kings,Chennai Super Kings,field,normal,0,Chennai Super Kings,0,8,MS Dhoni,M Chinnaswamy Stadium,AK Chaudhary,NJ Llong,,Pre-Qualifier
452,453,2014,Chandigarh,2014-05-25,Delhi Daredevils,Kings XI Punjab,Kings XI Punjab,field,normal,0,Kings XI Punjab,0,7,M Vohra,"Punjab Cricket Association Stadium, Mohali",HDPK Dharmasena,VA Kulkarni,,Pre-Qualifier
455,456,2014,Mumbai,2014-05-28,Mumbai Indians,Chennai Super Kings,Chennai Super Kings,field,normal,0,Chennai Super Kings,0,7,SK Raina,Brabourne Stadium,VA Kulkarni,BNJ Oxenford,,Eliminator
458,459,2015,Kolkata,2015-04-08,Mumbai Indians,Kolkata Knight Riders,Kolkata Knight Riders,field,normal,0,Kolkata Knight Riders,0,7,M Morkel,Eden Gardens,S Ravi,C Shamshuddin,,Pre-Qualifier
465,466,2015,Bangalore,2015-04-13,Royal Challengers Bangalore,Sunrisers Hyderabad,Sunrisers Hyderabad,field,normal,0,Sunrisers Hyderabad,0,8,DA Warner,M Chinnaswamy Stadium,RM Deshpande,RK Illingworth,,Pre-Qualifier
466,467,2015,Ahmedabad,2015-04-14,Mumbai Indians,Rajasthan Royals,Mumbai Indians,bat,normal,0,Rajasthan Royals,0,7,SPD Smith,"Sardar Patel Stadium, Motera",AK Chaudhary,SD Fry,,Pre-Qualifier
467,468,2015,Kolkata,2015-04-30,Chennai Super Kings,Kolkata Knight Riders,Kolkata Knight Riders,field,normal,0,Kolkata Knight Riders,0,7,AD Russell,Eden Gardens,AK Chaudhary,M Erasmus,,Pre-Qualifier
473,474,2015,Ahmedabad,2015-04-19,Chennai Super Kings,Rajasthan Royals,Chennai Super Kings,bat,normal,0,Rajasthan Royals,0,8,AM Rahane,"Sardar Patel Stadium, Motera",AK Chaudhary,M Erasmus,,Pre-Qualifier
480,481,2015,Ahmedabad,2015-04-24,Rajasthan Royals,Royal Challengers Bangalore,Royal Challengers Bangalore,field,normal,0,Royal Challengers Bangalore,0,9,MA Starc,"Sardar Patel Stadium, Motera",M Erasmus,S Ravi,,Pre-Qualifier
482,483,2015,Chennai,2015-04-25,Chennai Super Kings,Kings XI Punjab,Chennai Super Kings,bat,normal,0,Chennai Super Kings,97,0,BB McCullum,"MA Chidambaram Stadium, Chepauk",JD Cloete,C Shamshuddin,,Pre-Qualifier
483,484,2015,Delhi,2015-04-26,Delhi Daredevils,Royal Challengers Bangalore,Royal Challengers Bangalore,field,normal,0,Royal Challengers Bangalore,0,10,VR Aaron,Feroz Shah Kotla,M Erasmus,S Ravi,,Pre-Qualifier
488,489,2015,Delhi,2015-05-01,Kings XI Punjab,Delhi Daredevils,Delhi Daredevils,field,normal,0,Delhi Daredevils,0,9,NM Coulter-Nile,Feroz Shah Kotla,RK Illingworth,S Ravi,,Pre-Qualifier
490,491,2015,Bangalore,2015-05-02,Kolkata Knight Riders,Royal Challengers Bangalore,Royal Challengers Bangalore,field,normal,0,Royal Challengers Bangalore,0,7,Mandeep Singh,M Chinnaswamy Stadium,JD Cloete,PG Pathak,,Pre-Qualifier
497,498,2015,Bangalore,2015-05-06,Royal Challengers Bangalore,Kings XI Punjab,Kings XI Punjab,field,normal,0,Royal Challengers Bangalore,138,0,CH Gayle,M Chinnaswamy Stadium,RK Illingworth,VA Kulkarni,,Pre-Qualifier
509,510,2015,Chandigarh,2015-05-16,Kings XI Punjab,Chennai Super Kings,Kings XI Punjab,bat,normal,0,Chennai Super Kings,0,7,P Negi,"Punjab Cricket Association Stadium, Mohali",CK Nandan,C Shamshuddin,,Pre-Qualifier
512,513,2015,Hyderabad,2015-05-17,Sunrisers Hyderabad,Mumbai Indians,Sunrisers Hyderabad,bat,normal,0,Mumbai Indians,0,9,MJ McClenaghan,"Rajiv Gandhi International Stadium, Uppal",CB Gaffaney,K Srinath,,Pre-Qualifier
514,515,2015,Pune,2015-05-20,Royal Challengers Bangalore,Rajasthan Royals,Royal Challengers Bangalore,bat,normal,0,Royal Challengers Bangalore,71,0,AB de Villiers,Maharashtra Cricket Association Stadium,AK Chaudhary,C Shamshuddin,,Eliminator
517,518,2016,Mumbai,2016-04-09,Mumbai Indians,Rising Pune Supergiants,Mumbai Indians,bat,normal,0,Rising Pune Supergiants,0,9,AM Rahane,Wankhede Stadium,HDPK Dharmasena,CK Nandan,,Pre-Qualifier
518,519,2016,Kolkata,2016-04-10,Delhi Daredevils,Kolkata Knight Riders,Kolkata Knight Riders,field,normal,0,Kolkata Knight Riders,0,9,AD Russell,Eden Gardens,S Ravi,C Shamshuddin,,Pre-Qualifier
522,523,2016,Rajkot,2016-04-14,Rising Pune Supergiants,Gujarat Lions,Rising Pune Supergiants,bat,normal,0,Gujarat Lions,0,7,AJ Finch,Saurashtra Cricket Association Stadium,VA Kulkarni,CK Nandan,,Pre-Qualifier
523,524,2016,Delhi,2016-04-15,Kings XI Punjab,Delhi Daredevils,Delhi Daredevils,field,normal,0,Delhi Daredevils,0,8,A Mishra,Feroz Shah Kotla,S Ravi,C Shamshuddin,,Pre-Qualifier
524,525,2016,Hyderabad,2016-04-16,Sunrisers Hyderabad,Kolkata Knight Riders,Sunrisers Hyderabad,bat,normal,0,Kolkata Knight Riders,0,8,G Gambhir,"Rajiv Gandhi International Stadium, Uppal",AK Chaudhary,CK Nandan,,Pre-Qualifier
527,528,2016,Bangalore,2016-04-17,Royal Challengers Bangalore,Delhi Daredevils,Delhi Daredevils,field,normal,0,Delhi Daredevils,0,7,Q de Kock,M Chinnaswamy Stadium,VA Kulkarni,A Nand Kishore,,Pre-Qualifier
528,529,2016,Hyderabad,2016-04-18,Mumbai Indians,Sunrisers Hyderabad,Sunrisers Hyderabad,field,normal,0,Sunrisers Hyderabad,0,7,DA Warner,"Rajiv Gandhi International Stadium, Uppal",HDPK Dharmasena,VK Sharma,,Pre-Qualifier
531,532,2016,Rajkot,2016-04-21,Gujarat Lions,Sunrisers Hyderabad,Sunrisers Hyderabad,field,normal,0,Sunrisers Hyderabad,0,10,B Kumar,Saurashtra Cricket Association Stadium,K Bharatan,HDPK Dharmasena,,Pre-Qualifier
545,546,2016,Pune,2016-05-01,Rising Pune Supergiants,Mumbai Indians,Mumbai Indians,field,normal,0,Mumbai Indians,0,8,RG Sharma,Maharashtra Cricket Association Stadium,AY Dandekar,RJ Tucker,,Pre-Qualifier
547,548,2016,Rajkot,2016-05-03,Gujarat Lions,Delhi Daredevils,Delhi Daredevils,field,normal,0,Delhi Daredevils,0,8,RR Pant,Saurashtra Cricket Association Stadium,CB Gaffaney,BNJ Oxenford,,Pre-Qualifier
549,550,2016,Delhi,2016-05-05,Delhi Daredevils,Rising Pune Supergiants,Rising Pune Supergiants,field,normal,0,Rising Pune Supergiants,0,7,AM Rahane,Feroz Shah Kotla,C Shamshuddin,RJ Tucker,,Pre-Qualifier
551,552,2016,Bangalore,2016-05-07,Rising Pune Supergiants,Royal Challengers Bangalore,Royal Challengers Bangalore,field,normal,0,Royal Challengers Bangalore,0,7,V Kohli,M Chinnaswamy Stadium,CB Gaffaney,BNJ Oxenford,,Pre-Qualifier
553,554,2016,Visakhapatnam,2016-05-08,Sunrisers Hyderabad,Mumbai Indians,Mumbai Indians,field,normal,0,Sunrisers Hyderabad,85,0,A Nehra,Dr. Y.S. Rajasekhara Reddy ACA-VDCA Cricket Stadium,S Ravi,C Shamshuddin,,Pre-Qualifier
558,559,2016,Hyderabad,2016-05-12,Sunrisers Hyderabad,Delhi Daredevils,Delhi Daredevils,field,normal,0,Delhi Daredevils,0,7,CH Morris,"Rajiv Gandhi International Stadium, Uppal",K Bharatan,M Erasmus,,Pre-Qualifier
559,560,2016,Visakhapatnam,2016-05-13,Mumbai Indians,Kings XI Punjab,Mumbai Indians,bat,normal,0,Kings XI Punjab,0,7,MP Stoinis,Dr. Y.S. Rajasekhara Reddy ACA-VDCA Cricket Stadium,HDPK Dharmasena,CK Nandan,,Pre-Qualifier
560,561,2016,Bangalore,2016-05-14,Royal Challengers Bangalore,Gujarat Lions,Gujarat Lions,field,normal,0,Royal Challengers Bangalore,144,0,AB de Villiers,M Chinnaswamy Stadium,AY Dandekar,VK Sharma,,Pre-Qualifier
561,562,2016,Kolkata,2016-05-14,Rising Pune Supergiants,Kolkata Knight Riders,Rising Pune Supergiants,bat,normal,1,Kolkata Knight Riders,0,8,YK Pathan,Eden Gardens,A Nand Kishore,BNJ Oxenford,,Pre-Qualifier
562,563,2016,Chandigarh,2016-05-15,Kings XI Punjab,Sunrisers Hyderabad,Kings XI Punjab,bat,normal,0,Sunrisers Hyderabad,0,7,HM Amla,"Punjab Cricket Association IS Bindra Stadium, Mohali",KN Ananthapadmanabhan,M Erasmus,,Pre-Qualifier
563,564,2016,Visakhapatnam,2016-05-15,Mumbai Indians,Delhi Daredevils,Delhi Daredevils,field,normal,0,Mumbai Indians,80,0,KH Pandya,Dr. Y.S. Rajasekhara Reddy ACA-VDCA Cricket Stadium,Nitin Menon,CK Nandan,,Pre-Qualifier
564,565,2016,Kolkata,2016-05-16,Kolkata Knight Riders,Royal Challengers Bangalore,Royal Challengers Bangalore,field,normal,0,Royal Challengers Bangalore,0,9,V Kohli,Eden Gardens,CB Gaffaney,A Nand Kishore,,Pre-Qualifier
566,567,2016,Bangalore,2016-05-18,Royal Challengers Bangalore,Kings XI Punjab,Kings XI Punjab,field,normal,1,Royal Challengers Bangalore,82,0,V Kohli,M Chinnaswamy Stadium,KN Ananthapadmanabhan,M Erasmus,,Pre-Qualifier
